{
  "name": "מלא",
  "timestamp": "2025-09-26T11:09:25.567Z",
  "config": {
    "includeFrontend": true,
    "includeBackend": true,
    "includeDatabase": true,
    "includeUploads": true,
    "compression": true
  },
  "results": {
    "frontend": {
      "path": "E:\\ERP\\backups\\מלא\\frontend",
      "size": 0,
      "files": 0,
      "status": "completed"
    },
    "backend": {
      "path": "E:\\ERP\\backups\\מלא\\backend",
      "size": 0,
      "files": 0,
      "status": "completed"
    },
    "database": {
      "path": "E:\\ERP\\backups\\מלא\\database",
      "size": 18275,
      "files": 2,
      "status": "completed"
    },
    "uploads": {
      "path": "E:\\ERP\\backups\\מלא\\uploads",
      "size": 0,
      "files": 0,
      "status": "completed"
    },
    "totalSize": 18275,
    "errors": []
  },
  "version": "1.0.0",
  "system": {
    "nodeVersion": "v22.20.0",
    "platform": "win32",
    "arch": "x64"
  }
}